{"あおば（しぶや歯科医院前）":[38.33777,140.28347],"あけぼの":[38.31187,140.35984],"あこや公園前":[38.24534,140.35363],"あこや町":[38.24126,140.35175],"あこや集会所前":[38.24191,140.35238],"あさひ町東":[38.24262,140.36632],"あずま町":[38.23827,140.33903],"おーばん前":[38.15236,140.2824],"かみのやま温泉駅前":[38.1524,140.27764],"こだま橋":[38.16563,140.29846],"さわやか広場公園前":[38.24618,140.33835],"さわやか荘前":[38.26334,140.26006],"しらさぎ保育園前":[38.14327,140.28542],"すげさわの丘":[38.22335,140.26742],"とかみ共生苑前":[38.23801,140.2633],"はらっぱ館":[38.18765,140.2962],"ふれあいセンター口":[38.19289,140.29219],"まんさくの丘":[38.19324,140.31747],"みはらしの丘二丁目":[38.19072,140.29152],"みはらしの丘口":[38.19147,140.29566],"みはらしの丘小学校前":[38.18835,140.28902],"みゆき会病院前":[38.16957,140.29359],"めんごりあ前":[38.15488,140.27595],"めんごりあ角":[38.15476,140.27714],"やすらぎ荘前":[38.31133,140.35269],"わくわくランド":[38.35591,140.38494],"イオン山形南店":[38.22723,140.30612],"コープしろにし店前":[38.26203,140.31729],"ジャバ入口":[38.24659,140.35762],"スポーツセンター前":[38.28217,140.34649],"センタービル前":[38.24722,140.33112],"ハローワーク前":[38.27529,140.33153],"ヒルズサンピア":[38.21218,140.3355],"ビッグウィング前":[38.28699,140.35567],"ヤマザワ前":[38.15044,140.2733],"ヨークタウン":[38.15225,140.28909],"ヨークタウン前":[38.1521,140.28812],"ヨークベニマル南館店":[38.23816,140.30117],"ヨークベニマル南館店前":[38.23822,140.30222],"リナワールド前":[38.17731,140.30771],"七小前":[38.25979,140.32741],"七日町":[38.46252,140.33755],"七日町三丁目":[38.25483,140.34286],"七日町四丁目":[38.25155,140.34312],"七浦":[38.29963,140.33843],"三中前":[38.25057,140.32146],"三日町角":[38.24134,140.33288],"三日町集会所前":[38.24181,140.33701],"上山城口":[38.15636,140.27746],"上山市役所前":[38.15004,140.26707],"上山温泉口":[38.15996,140.27258],"上町三丁目":[38.2446,140.31675],"上町五丁目":[38.24279,140.31402],"上町口":[38.24463,140.31234],"上飯塚":[38.25654,140.29578],"下原":[38.26948,140.24903],"下条":[38.26331,140.32488],"下条二丁目":[38.26111,140.32095],"下条五叉路":[38.27119,140.32437],"下条町二丁目":[38.26111,140.32097],"下椹沢":[38.26838,140.28478],"下椹沢口":[38.26942,140.28386],"両所宮前":[38.26887,140.33828],"中央郵便局前":[38.24846,140.33642],"中川小学校前":[38.16057,140.31237],"中桜田":[38.21586,140.33686],"中里":[38.24184,140.29892],"中野":[38.30499,140.30097],"中飯塚":[38.25771,140.28943],"久保田一丁目":[38.24957,140.31958],"久保田三丁目":[38.24711,140.31759],"九中口":[38.2088,140.29983],"二ツ橋":[38.22446,140.31257],"二本堂":[38.30296,140.38952],"五中口":[38.26346,140.341],"五十鈴三丁目":[38.27445,140.35722],"五十鈴二丁目":[38.27554,140.35343],"五日町":[38.29909,140.34633],"五日町踏切":[38.24313,140.32486],"保健所前":[38.24895,140.33425],"元木":[38.22833,140.32835],"元木団地前":[38.22184,140.31974],"八小南":[38.24796,140.35269],"八日町一丁目":[38.24388,140.32814],"六中前":[38.23525,140.34102],"六小前":[38.23834,140.3318],"六日町":[38.25903,140.33963],"内表南":[38.28906,140.30415],"円応寺":[38.26546,140.34151],"北山形一丁目":[38.26354,140.33205],"北町二丁目":[38.26969,140.33062],"北町四丁目":[38.27218,140.33121],"北部公民館前":[38.26795,140.34219],"北部市民プール前":[38.27604,140.32852],"北駅西":[38.26539,140.33153],"北駅角":[38.26428,140.33705],"北高前":[38.25369,140.34755],"医師会館前":[38.25,140.3339],"十中前":[38.22823,140.31333],"十日町三丁目":[38.24362,140.33622],"十日町南":[38.24455,140.33434],"十日町紅の蔵前":[38.24662,140.33542],"十日町角":[38.20105,140.23689],"千手堂":[38.30678,140.34048],"千歳":[38.28392,140.34054],"千歳公園待合所":[38.25969,140.3488],"千歳小口":[38.28519,140.34696],"千歳橋":[38.27377,140.3408],"千歳橋入口":[38.27353,140.33972],"千歳駅前":[38.28835,140.33965],"半郷住宅前":[38.18652,140.31396],"南原町郵便局前":[38.23797,140.34626],"南山形学校前":[38.20108,140.30462],"南栄町一丁目":[38.23411,140.32182],"南沼原コミュニティセンター前":[38.23636,140.30078],"南館":[38.23629,140.31634],"南高前・山大入口":[38.24239,140.34668],"南高前十字路":[38.24323,140.34616],"印役一丁目":[38.2626,140.35184],"印役寺前":[38.26997,140.35527],"双月町":[38.25976,140.35652],"双葉公園口":[38.24639,140.32079],"双葉町":[38.24816,140.3226],"吉原":[38.23058,140.31373],"吉田ひろゆき歯科医院前":[38.14621,140.28441],"向新田（観音前）":[38.31691,140.28803],"四ツ谷":[38.16621,140.28501],"四中前":[38.10196,140.23363],"四小前":[38.25754,140.33687],"坂巻":[38.21874,140.31172],"城北":[38.25946,140.33031],"城北高校前":[38.2612,140.3316],"城南町":[38.25085,140.32358],"城西一丁目":[38.25782,140.32458],"城西五丁目":[38.26057,140.3175],"城西四丁目":[38.25851,140.32302],"堀込":[38.23137,140.30162],"大の目":[38.27753,140.35882],"大の目三丁目":[38.28147,140.36001],"大学病院":[38.21543,140.32082],"大学病院口":[38.2174,140.3238],"大曽根さわやか荘前":[38.2632,140.26014],"大森":[38.30695,140.38759],"大森住宅前":[38.30471,140.38667],"大石":[38.17562,140.286],"天童市役所口":[38.35986,140.37714],"天童駅前":[38.35964,140.37029],"妙見寺":[38.24197,140.37713],"宮町":[38.26192,140.3364],"宮町四丁目":[38.2675,140.33793],"富の中":[38.2352,140.30594],"富の中西":[38.23155,140.30372],"富南":[38.23675,140.31264],"寒河江駅前":[38.37176,140.27575],"小姓町北":[38.2482,140.34097],"小白川一丁目":[38.24866,140.35027],"小白川二丁目":[38.25007,140.34904],"小白川五丁目":[38.24439,140.36517],"小白川四丁目":[38.24728,140.35512],"小白川至誠堂病院前":[38.24967,140.34682],"小立一丁目":[38.22871,140.34154],"小荷駄町":[38.23744,140.34103],"山交バス本社前":[38.25315,140.31566],"山交ビル":[38.24651,140.33186],"山交ビル前":[38.24681,140.33211],"山商口":[38.24714,140.31316],"山大前":[38.2476,140.34814],"山寺駅前":[38.31038,140.43417],"山形テルサ前":[38.24695,140.32342],"山形城三ノ丸跡":[38.24635,140.33394],"山形市役所前":[38.25515,140.34027],"山形病院":[38.28679,140.30891],"山形病院口":[38.2871,140.305],"山形警察署前":[38.23522,140.34732],"山形駅前":[38.24882,140.32856],"山形駅西口":[38.24951,140.3262],"山辺駅前":[38.29383,140.27096],"嶋ショッピングタウン":[38.28736,140.31847],"嶋タウン口":[38.28403,140.3159],"嶋公園前":[38.28577,140.32128],"嶋北":[38.28991,140.32054],"嶋南一丁目":[38.27915,140.32007],"嶋南二丁目":[38.28205,140.32134],"川原":[38.21226,140.27829],"市役所前":[38.21997,140.31608],"市役所南口":[38.25437,140.33819],"市立図書館口":[38.24104,140.33953],"年金事務所口":[38.25004,140.31388],"幸町":[38.24573,140.32708],"弁天":[38.16822,140.29327],"弁天南":[38.16756,140.2895],"志村":[38.31074,140.34158],"惺山高校前":[38.25587,140.31734],"成沢口":[38.2094,140.32207],"成沢西":[38.21271,140.3141],"文新田北（生活改善センター）":[38.33573,140.30058],"文新田南":[38.33271,140.30189],"新田町":[38.32989,140.28431],"新町":[38.25184,140.26756],"新築西通り":[38.25694,140.34354],"旅篭町四辻":[38.2549,140.33669],"旅籠町":[38.25506,140.33783],"旅籠町四辻":[38.25503,140.33644],"日大山形高校前":[38.23135,140.33338],"旭町":[38.16313,140.28728],"旭町西":[38.16371,140.28669],"旭銀座":[38.25361,140.34057],"春日町":[38.25373,140.31944],"末広町口":[38.24057,140.32726],"本町":[38.27629,140.24167],"本町・Q１":[38.25141,140.33813],"村山総合支庁前":[38.23475,140.3358],"東北中央病院":[38.25987,140.36122],"東北中央病院前":[38.2603,140.36112],"東北文教大学口":[38.21033,140.30677],"東北電力角":[38.24941,140.33588],"東原三丁目":[38.24334,140.34342],"東原二丁目":[38.24553,140.3472],"東原四丁目":[38.24184,140.34911],"東宮新橋":[38.14549,140.28207],"東沢コミュニティセンター前":[38.24132,140.38053],"東海大山形高":[38.20864,140.3137],"東部公民館前":[38.24882,140.35197],"東青田一丁目":[38.22405,140.33828],"東青田三丁目":[38.22125,140.33717],"松原中":[38.20348,140.30559],"松尾山前":[38.18445,140.32174],"松山一丁目":[38.23531,140.34503],"松波四丁目":[38.24019,140.3689],"松見町":[38.23189,140.3397],"柏倉":[38.23251,140.2727],"柏倉学校前":[38.23493,140.26714],"桜田":[38.21956,140.32418],"桜田北":[38.22175,140.32488],"桜田新橋":[38.21671,140.32019],"桜田西":[38.21954,140.3196],"桜神":[38.21732,140.33764],"桧町三丁目":[38.27386,140.33149],"桧町四丁目":[38.27606,140.32575],"梨の木":[38.23747,140.30969],"権現堂":[38.16225,140.32269],"権現堂橋":[38.16019,140.31794],"水源池":[38.24358,140.36845],"江俣":[38.27371,140.31903],"江俣三丁目":[38.27668,140.32248],"江俣五丁目":[38.27712,140.31481],"江南入口":[38.26973,140.31807],"江南公民館前":[38.26773,140.32484],"沖の原":[38.27937,140.34054],"河崎温泉":[38.15098,140.26557],"河崎温泉口":[38.15141,140.26968],"沼木口":[38.24285,140.29755],"法伝寺前":[38.30282,140.37879],"浴場前":[38.15953,140.28115],"消防署前":[38.21831,140.32447],"深町":[38.23446,140.31439],"清住公園前":[38.2552,140.31534],"清住町北":[38.25822,140.31297],"清風荘・もみじ公園口":[38.24663,140.34582],"湯町":[38.16154,140.27555],"漆山住宅入口":[38.31217,140.35706],"漆山駅入口":[38.31105,140.34375],"片谷地":[38.21466,140.30863],"片谷地北":[38.21672,140.30948],"生長の家前":[38.24304,140.37182],"田中":[38.30272,140.39333],"甲石":[38.16187,140.30967],"相生町":[38.26104,140.33797],"県庁前":[38.23916,140.36395],"県庁北口":[38.24114,140.36317],"県立中央病院":[38.30027,140.34692],"県総合研修センター前":[38.24199,140.36979],"石崎":[38.15275,140.27299],"石橋":[38.30574,140.29714],"神明神社前":[38.26552,140.35283],"立谷川工業団地口":[38.31275,140.38794],"競技場口":[38.24344,140.30893],"第十小学校前":[38.25394,140.3113],"篠田病院前":[38.32335,140.36656],